genotypes,phenotypes
DHAFW,-0.4826837379558045
DHAFE,1.0709019143956853
DHAIW,0.8490157189836123
DHAIE,2.35980577427082
DHRFW,1.6110526405488677
DHRFE,1.2858865120328469
DHRIW,2.171107134432892
DHRIE,3.0270569086275687
DQAFW,1.0465178484605808
DQAFE,2.3680368413940647
DQAIW,2.823874807449657
DQAIE,3.033504677942079
DQRFW,2.1836305282666326
DQRFE,3.026426292819075
DQRIW,3.078551582152489
DQRIE,3.566699190088273
RHAFW,1.3008502957794024
RHAFE,1.6430947768560136
RHAIW,1.4826916330139426
RHAIE,2.975275810701231
RHRFW,2.168638683119954
RHRFE,3.6190558681566802
RHRIW,2.10093808555709
RHRIE,3.4645670786166054
RQAFW,1.7953399541206962
RQAFE,3.2597652010888014
RQAIW,3.563396766565491
RQAIE,3.7791751973445815
RQRFW,3.3917943967516195
RQRFE,3.8881503736310554
RQRIW,3.3007815334864725
RQRIE,5.794452539437858
