genotypes,phenotypes
RHAFE,1.6430947768560136
DQAIE,3.033504677942079
DHRIW,2.171107134432892
RQAIW,3.563396766565491
DQRIE,3.566699190088273
RHRIW,2.10093808555709
RHAIW,1.4826916330139426
RHRFE,3.6190558681566802
DHAIW,0.8490157189836123
DHAFW,-0.4826837379558045
RHAIE,2.975275810701231
DQRFW,2.1836305282666326
RQRIW,3.3007815334864725
RQRFW,3.3917943967516195
RHRFW,2.168638683119954
DHAIE,2.35980577427082
